word	action	band	note
# Dictionary patch layer. One word per line. Columns: word, action (allow or
# deny), band (common for allow seeds; blank for deny), note (optional).
# Allow = accept a word the base list misses, banded so it classifies right.
# Deny = reject a word the base list wrongly accepts, outright: it answers with
# the ordinary not-in-the-word-list response, exactly as if it were not a word.
# Bea flags a word, it becomes one line here, and the dictionary tunes to her.
#
# Allowlist: modern words ENABLE rejects, from the must-accept probe in
# scripts/_investigate, plus udon. All common, because they are common words.
meme	allow	common	modern
email	allow	common	modern
emailed	allow	common	modern
emojis	allow	common	modern
blog	allow	common	modern
blogger	allow	common	modern
selfie	allow	common	modern
selfies	allow	common	modern
emoji	allow	common	modern
podcast	allow	common	modern
app	allow	common	modern
wifi	allow	common	modern
website	allow	common	modern
webpage	allow	common	modern
online	allow	common	modern
internet	allow	common	modern
texting	allow	common	modern
googled	allow	common	modern
memes	allow	common	modern
unfriend	allow	common	modern
upvote	allow	common	modern
downvote	allow	common	modern
hashtag	allow	common	modern
spam	allow	common	modern
chatbot	allow	common	modern
smartphone	allow	common	modern
login	allow	common	modern
logout	allow	common	modern
cyber	allow	common	modern
screenshot	allow	common	modern
metadata	allow	common	modern
udon	allow	common	Bea flagged
#
# Denylist (Phase 1): SCOWL size-95 proper-noun and foreign warts that
# are formable from the source pool. Generated by scan, not hand-flagged.
# Real words and inflections (betcha, yeps) are deliberately kept valid.
bonjour	deny		foreign
bonsoir	deny		foreign
danke	deny		foreign
gracias	deny		foreign
hola	deny		foreign
merci	deny		foreign
aaa	deny		proper noun
aarp	deny		proper noun
abel	deny		proper noun
abib	deny		proper noun
abm	deny		proper noun
abner	deny		proper noun
abt	deny		proper noun
acheron	deny		proper noun
aclu	deny		proper noun
acoma	deny		proper noun
acris	deny		proper noun
acrita	deny		proper noun
acton	deny		proper noun
actu	deny		proper noun
aday	deny		proper noun
addis	deny		proper noun
addison	deny		proper noun
aden	deny		proper noun
adige	deny		proper noun
adighe	deny		proper noun
aditi	deny		proper noun
adolf	deny		proper noun
adonai	deny		proper noun
advil	deny		proper noun
aegina	deny		proper noun
aegir	deny		proper noun
aeneas	deny		proper noun
aeolis	deny		proper noun
aeolus	deny		proper noun
aer	deny		proper noun
aertex	deny		proper noun
aesir	deny		proper noun
afd	deny		proper noun
afp	deny		proper noun
agen	deny		proper noun
agni	deny		proper noun
ahab	deny		proper noun
ahriman	deny		proper noun
ahsan	deny		proper noun
aion	deny		proper noun
aire	deny		proper noun
aix	deny		proper noun
akey	deny		proper noun
akron	deny		proper noun
alai	deny		proper noun
albee	deny		proper noun
alberta	deny		proper noun
albin	deny		proper noun
albion	deny		proper noun
albula	deny		proper noun
albus	deny		proper noun
alcestis	deny		proper noun
alcides	deny		proper noun
alden	deny		proper noun
alen	deny		proper noun
alep	deny		proper noun
aleppo	deny		proper noun
alfred	deny		proper noun
algic	deny		proper noun
algiers	deny		proper noun
algol	deny		proper noun
alia	deny		proper noun
alice	deny		proper noun
alioth	deny		proper noun
allah	deny		proper noun
allan	deny		proper noun
allen	deny		proper noun
aller	deny		proper noun
allis	deny		proper noun
almaty	deny		proper noun
almon	deny		proper noun
aln	deny		proper noun
alo	deny		proper noun
alpen	deny		proper noun
alphin	deny		proper noun
alsace	deny		proper noun
altair	deny		proper noun
alterman	deny		proper noun
althing	deny		proper noun
altus	deny		proper noun
alvelos	deny		proper noun
alvia	deny		proper noun
alw	deny		proper noun
aly	deny		proper noun
amante	deny		proper noun
amar	deny		proper noun
ambon	deny		proper noun
ame	deny		proper noun
ameland	deny		proper noun
amenia	deny		proper noun
amess	deny		proper noun
amharic	deny		proper noun
amidon	deny		proper noun
amini	deny		proper noun
amman	deny		proper noun
ammon	deny		proper noun
ammons	deny		proper noun
amon	deny		proper noun
amoy	deny		proper noun
amphion	deny		proper noun
amy	deny		proper noun
anam	deny		proper noun
anda	deny		proper noun
anders	deny		proper noun
andes	deny		proper noun
andre	deny		proper noun
andrew	deny		proper noun
angeles	deny		proper noun
angola	deny		proper noun
annam	deny		proper noun
anne	deny		proper noun
annie	deny		proper noun
anshar	deny		proper noun
ansi	deny		proper noun
antaeus	deny		proper noun
antar	deny		proper noun
antares	deny		proper noun
antigone	deny		proper noun
antonio	deny		proper noun
antony	deny		proper noun
antu	deny		proper noun
antum	deny		proper noun
anu	deny		proper noun
anubis	deny		proper noun
apalit	deny		proper noun
apc	deny		proper noun
apia	deny		proper noun
apl	deny		proper noun
apr	deny		proper noun
april	deny		proper noun
apsu	deny		proper noun
araby	deny		proper noun
arado	deny		proper noun
aragon	deny		proper noun
arca	deny		proper noun
argel	deny		proper noun
argo	deny		proper noun
argos	deny		proper noun
ariadne	deny		proper noun
arius	deny		proper noun
arjun	deny		proper noun
armenia	deny		proper noun
armin	deny		proper noun
armine	deny		proper noun
armit	deny		proper noun
arn	deny		proper noun
arna	deny		proper noun
arno	deny		proper noun
arnold	deny		proper noun
arpanet	deny		proper noun
artemis	deny		proper noun
arter	deny		proper noun
artois	deny		proper noun
aruba	deny		proper noun
asarh	deny		proper noun
asbest	deny		proper noun
ascher	deny		proper noun
asem	deny		proper noun
asg	deny		proper noun
asgard	deny		proper noun
ashir	deny		proper noun
ashot	deny		proper noun
ashur	deny		proper noun
asin	deny		proper noun
asio	deny		proper noun
asl	deny		proper noun
aspca	deny		proper noun
assam	deny		proper noun
assi	deny		proper noun
assis	deny		proper noun
ast	deny		proper noun
asta	deny		proper noun
astarte	deny		proper noun
asterope	deny		proper noun
astor	deny		proper noun
aswan	deny		proper noun
aswell	deny		proper noun
atar	deny		proper noun
athene	deny		proper noun
athens	deny		proper noun
atis	deny		proper noun
atlee	deny		proper noun
atoc	deny		proper noun
atok	deny		proper noun
atp	deny		proper noun
atreus	deny		proper noun
attal	deny		proper noun
attica	deny		proper noun
aube	deny		proper noun
aubin	deny		proper noun
auden	deny		proper noun
auriga	deny		proper noun
auster	deny		proper noun
avera	deny		proper noun
averil	deny		proper noun
avernus	deny		proper noun
awalt	deny		proper noun
awanyu	deny		proper noun
awat	deny		proper noun
azrael	deny		proper noun
baar	deny		proper noun
babar	deny		proper noun
bable	deny		proper noun
backus	deny		proper noun
bagdad	deny		proper noun
bago	deny		proper noun
bagong	deny		proper noun
bahan	deny		proper noun
bakshi	deny		proper noun
balete	deny		proper noun
baleys	deny		proper noun
bali	deny		proper noun
balli	deny		proper noun
ballo	deny		proper noun
balon	deny		proper noun
bandi	deny		proper noun
bandon	deny		proper noun
banff	deny		proper noun
banga	deny		proper noun
bange	deny		proper noun
banus	deny		proper noun
barat	deny		proper noun
barbar	deny		proper noun
barbre	deny		proper noun
barca	deny		proper noun
barcas	deny		proper noun
barile	deny		proper noun
barish	deny		proper noun
barkey	deny		proper noun
barnard	deny		proper noun
baroko	deny		proper noun
baroni	deny		proper noun
barp	deny		proper noun
barrie	deny		proper noun
basel	deny		proper noun
basle	deny		proper noun
basnet	deny		proper noun
bason	deny		proper noun
batea	deny		proper noun
batton	deny		proper noun
baun	deny		proper noun
baur	deny		proper noun
baurs	deny		proper noun
baye	deny		proper noun
bayle	deny		proper noun
bayles	deny		proper noun
bchs	deny		proper noun
beare	deny		proper noun
bec	deny		proper noun
bef	deny		proper noun
behn	deny		proper noun
beirut	deny		proper noun
bela	deny		proper noun
belial	deny		proper noun
belli	deny		proper noun
belton	deny		proper noun
belue	deny		proper noun
bely	deny		proper noun
bendel	deny		proper noun
beng	deny		proper noun
beni	deny		proper noun
benin	deny		proper noun
benn	deny		proper noun
bennie	deny		proper noun
berat	deny		proper noun
bercy	deny		proper noun
bern	deny		proper noun
berne	deny		proper noun
berri	deny		proper noun
bervie	deny		proper noun
besant	deny		proper noun
bess	deny		proper noun
bessel	deny		proper noun
bevil	deny		proper noun
bhadon	deny		proper noun
bhaga	deny		proper noun
bhat	deny		proper noun
bhutan	deny		proper noun
bick	deny		proper noun
bidens	deny		proper noun
bien	deny		proper noun
bienne	deny		proper noun
biens	deny		proper noun
bifrost	deny		proper noun
bihar	deny		proper noun
bioko	deny		proper noun
biri	deny		proper noun
birma	deny		proper noun
bitnet	deny		proper noun
bito	deny		proper noun
blair	deny		proper noun
blanche	deny		proper noun
blanda	deny		proper noun
bley	deny		proper noun
bligh	deny		proper noun
blitt	deny		proper noun
blok	deny		proper noun
boann	deny		proper noun
boc	deny		proper noun
boca	deny		proper noun
boden	deny		proper noun
boe	deny		proper noun
bogard	deny		proper noun
bogota	deny		proper noun
boise	deny		proper noun
bojo	deny		proper noun
boks	deny		proper noun
boldin	deny		proper noun
bolly	deny		proper noun
bom	deny		proper noun
bomi	deny		proper noun
bon	deny		proper noun
bonaire	deny		proper noun
bonn	deny		proper noun
bono	deny		proper noun
bonos	deny		proper noun
bonser	deny		proper noun
boole	deny		proper noun
boone	deny		proper noun
boort	deny		proper noun
bootle	deny		proper noun
bordes	deny		proper noun
borean	deny		proper noun
borlase	deny		proper noun
borneo	deny		proper noun
bosch	deny		proper noun
boser	deny		proper noun
bosher	deny		proper noun
bosnia	deny		proper noun
botan	deny		proper noun
bouch	deny		proper noun
boucher	deny		proper noun
bowden	deny		proper noun
bowe	deny		proper noun
bowker	deny		proper noun
bowlin	deny		proper noun
bown	deny		proper noun
bowne	deny		proper noun
boyne	deny		proper noun
brager	deny		proper noun
bragg	deny		proper noun
brahm	deny		proper noun
brama	deny		proper noun
brames	deny		proper noun
brases	deny		proper noun
brazee	deny		proper noun
breck	deny		proper noun
breese	deny		proper noun
brer	deny		proper noun
brest	deny		proper noun
bret	deny		proper noun
brigid	deny		proper noun
brist	deny		proper noun
brl	deny		proper noun
bronk	deny		proper noun
brott	deny		proper noun
bruges	deny		proper noun
brum	deny		proper noun
brunei	deny		proper noun
bryan	deny		proper noun
bryon	deny		proper noun
bsf	deny		proper noun
buaya	deny		proper noun
buda	deny		proper noun
buddie	deny		proper noun
bude	deny		proper noun
buggin	deny		proper noun
burge	deny		proper noun
burma	deny		proper noun
burt	deny		proper noun
burys	deny		proper noun
bushi	deny		proper noun
butes	deny		proper noun
butin	deny		proper noun
buto	deny		proper noun
byard	deny		proper noun
byron	deny		proper noun
caama	deny		proper noun
cabot	deny		proper noun
cadiz	deny		proper noun
cady	deny		proper noun
cai	deny		proper noun
cairo	deny		proper noun
caisse	deny		proper noun
calais	deny		proper noun
calderon	deny		proper noun
caloris	deny		proper noun
calos	deny		proper noun
calvin	deny		proper noun
camara	deny		proper noun
camb	deny		proper noun
camden	deny		proper noun
cammie	deny		proper noun
camus	deny		proper noun
canale	deny		proper noun
canales	deny		proper noun
candide	deny		proper noun
candie	deny		proper noun
canela	deny		proper noun
canelo	deny		proper noun
canelos	deny		proper noun
canham	deny		proper noun
cann	deny		proper noun
cannes	deny		proper noun
caplan	deny		proper noun
capone	deny		proper noun
capron	deny		proper noun
capul	deny		proper noun
carbin	deny		proper noun
cardin	deny		proper noun
cardy	deny		proper noun
carey	deny		proper noun
careys	deny		proper noun
carli	deny		proper noun
carlie	deny		proper noun
carlo	deny		proper noun
carmel	deny		proper noun
carnac	deny		proper noun
carne	deny		proper noun
carole	deny		proper noun
carone	deny		proper noun
carrys	deny		proper noun
carson	deny		proper noun
carta	deny		proper noun
cartas	deny		proper noun
caryl	deny		proper noun
casson	deny		proper noun
castile	deny		proper noun
castries	deny		proper noun
castro	deny		proper noun
cath	deny		proper noun
cathay	deny		proper noun
cathy	deny		proper noun
cavish	deny		proper noun
cbc	deny		proper noun
ccitt	deny		proper noun
ccm	deny		proper noun
cdg	deny		proper noun
cebu	deny		proper noun
ceja	deny		proper noun
cens	deny		proper noun
centro	deny		proper noun
cera	deny		proper noun
cern	deny		proper noun
cerne	deny		proper noun
cesar	deny		proper noun
cesare	deny		proper noun
cest	deny		proper noun
cetus	deny		proper noun
cfc	deny		proper noun
chace	deny		proper noun
chaco	deny		proper noun
chait	deny		proper noun
chalcis	deny		proper noun
chanco	deny		proper noun
chandi	deny		proper noun
chapin	deny		proper noun
chemin	deny		proper noun
chena	deny		proper noun
cheng	deny		proper noun
cher	deny		proper noun
cherie	deny		proper noun
chesnut	deny		proper noun
chiba	deny		proper noun
chicago	deny		proper noun
chien	deny		proper noun
chios	deny		proper noun
chislev	deny		proper noun
chitose	deny		proper noun
chloe	deny		proper noun
cho	deny		proper noun
chons	deny		proper noun
choson	deny		proper noun
choy	deny		proper noun
chun	deny		proper noun
chung	deny		proper noun
cima	deny		proper noun
cira	deny		proper noun
circe	deny		proper noun
clair	deny		proper noun
clar	deny		proper noun
clarin	deny		proper noun
clark	deny		proper noun
clarke	deny		proper noun
claus	deny		proper noun
cli	deny		proper noun
clites	deny		proper noun
cloes	deny		proper noun
clovis	deny		proper noun
clow	deny		proper noun
clows	deny		proper noun
cloyne	deny		proper noun
cluff	deny		proper noun
clum	deny		proper noun
coate	deny		proper noun
cobol	deny		proper noun
cocco	deny		proper noun
coccos	deny		proper noun
codette	deny		proper noun
coelho	deny		proper noun
colen	deny		proper noun
colima	deny		proper noun
collen	deny		proper noun
collin	deny		proper noun
collis	deny		proper noun
colmar	deny		proper noun
comino	deny		proper noun
comus	deny		proper noun
congreve	deny		proper noun
conrey	deny		proper noun
conta	deny		proper noun
cooner	deny		proper noun
copa	deny		proper noun
copehan	deny		proper noun
coppet	deny		proper noun
copps	deny		proper noun
coram	deny		proper noun
coran	deny		proper noun
corbet	deny		proper noun
corke	deny		proper noun
corser	deny		proper noun
corso	deny		proper noun
cort	deny		proper noun
cortes	deny		proper noun
cosen	deny		proper noun
cosin	deny		proper noun
cosins	deny		proper noun
coste	deny		proper noun
costes	deny		proper noun
cotham	deny		proper noun
cotman	deny		proper noun
cott	deny		proper noun
cottus	deny		proper noun
cpa	deny		proper noun
cpm	deny		proper noun
cpr	deny		proper noun
craik	deny		proper noun
crain	deny		proper noun
craney	deny		proper noun
creagh	deny		proper noun
crecy	deny		proper noun
cres	deny		proper noun
cresson	deny		proper noun
creston	deny		proper noun
crimble	deny		proper noun
crimea	deny		proper noun
crink	deny		proper noun
crius	deny		proper noun
croatia	deny		proper noun
crombie	deny		proper noun
crombies	deny		proper noun
cronus	deny		proper noun
crose	deny		proper noun
crouts	deny		proper noun
cruce	deny		proper noun
crull	deny		proper noun
crum	deny		proper noun
csc	deny		proper noun
csi	deny		proper noun
csk	deny		proper noun
csp	deny		proper noun
cst	deny		proper noun
csw	deny		proper noun
cte	deny		proper noun
ctg	deny		proper noun
ctrl	deny		proper noun
cuba	deny		proper noun
cuca	deny		proper noun
cuda	deny		proper noun
culla	deny		proper noun
culp	deny		proper noun
culter	deny		proper noun
cura	deny		proper noun
curas	deny		proper noun
cushing	deny		proper noun
cust	deny		proper noun
cutcher	deny		proper noun
cutlips	deny		proper noun
cynthia	deny		proper noun
cyrus	deny		proper noun
daba	deny		proper noun
dabb	deny		proper noun
dacca	deny		proper noun
dade	deny		proper noun
dagan	deny		proper noun
dagda	deny		proper noun
dagon	deny		proper noun
dahms	deny		proper noun
dail	deny		proper noun
dain	deny		proper noun
daines	deny		proper noun
daira	deny		proper noun
dakar	deny		proper noun
daker	deny		proper noun
dallas	deny		proper noun
damas	deny		proper noun
damon	deny		proper noun
dampier	deny		proper noun
danmark	deny		proper noun
danner	deny		proper noun
danny	deny		proper noun
dant	deny		proper noun
dante	deny		proper noun
dants	deny		proper noun
danube	deny		proper noun
danzig	deny		proper noun
daoism	deny		proper noun
dardic	deny		proper noun
darii	deny		proper noun
daris	deny		proper noun
darya	deny		proper noun
dasi	deny		proper noun
datisi	deny		proper noun
dau	deny		proper noun
davis	deny		proper noun
dawe	deny		proper noun
dayal	deny		proper noun
dayton	deny		proper noun
dbm	deny		proper noun
debbie	deny		proper noun
deborah	deny		proper noun
debord	deny		proper noun
deere	deny		proper noun
deeses	deny		proper noun
deipara	deny		proper noun
delhi	deny		proper noun
della	deny		proper noun
delph	deny		proper noun
delphi	deny		proper noun
demerol	deny		proper noun
demeter	deny		proper noun
deneb	deny		proper noun
denmark	deny		proper noun
dennis	deny		proper noun
denver	deny		proper noun
denyer	deny		proper noun
derham	deny		proper noun
derner	deny		proper noun
deseret	deny		proper noun
destin	deny		proper noun
devore	deny		proper noun
dft	deny		proper noun
dhaka	deny		proper noun
diamant	deny		proper noun
diane	deny		proper noun
dibbs	deny		proper noun
dicy	deny		proper noun
diem	deny		proper noun
dilli	deny		proper noun
dingee	deny		proper noun
dingman	deny		proper noun
dinus	deny		proper noun
disney	deny		proper noun
dix	deny		proper noun
dobos	deny		proper noun
dolina	deny		proper noun
dolley	deny		proper noun
dollin	deny		proper noun
dolores	deny		proper noun
domer	deny		proper noun
donald	deny		proper noun
donar	deny		proper noun
donbas	deny		proper noun
donbass	deny		proper noun
dooley	deny		proper noun
dorey	deny		proper noun
dorn	deny		proper noun
doseh	deny		proper noun
doub	deny		proper noun
dover	deny		proper noun
dovey	deny		proper noun
dph	deny		proper noun
drago	deny		proper noun
draine	deny		proper noun
drona	deny		proper noun
drung	deny		proper noun
dtd	deny		proper noun
dublin	deny		proper noun
dudman	deny		proper noun
duenas	deny		proper noun
duer	deny		proper noun
dugal	deny		proper noun
dundee	deny		proper noun
dunkle	deny		proper noun
dunne	deny		proper noun
dunster	deny		proper noun
durants	deny		proper noun
durga	deny		proper noun
durio	deny		proper noun
dutra	deny		proper noun
dwight	deny		proper noun
dylan	deny		proper noun
eastman	deny		proper noun
ebcdic	deny		proper noun
eblis	deny		proper noun
ebn	deny		proper noun
eboe	deny		proper noun
ebonics	deny		proper noun
ebro	deny		proper noun
ecb	deny		proper noun
ecc	deny		proper noun
ecg	deny		proper noun
ech	deny		proper noun
ecm	deny		proper noun
edam	deny		proper noun
edd	deny		proper noun
edda	deny		proper noun
edirne	deny		proper noun
edison	deny		proper noun
edith	deny		proper noun
edo	deny		proper noun
eec	deny		proper noun
efl	deny		proper noun
egypt	deny		proper noun
ehrman	deny		proper noun
eimer	deny		proper noun
eine	deny		proper noun
eire	deny		proper noun
eisels	deny		proper noun
ela	deny		proper noun
elaine	deny		proper noun
elbe	deny		proper noun
eldings	deny		proper noun
electra	deny		proper noun
elisha	deny		proper noun
ellas	deny		proper noun
elle	deny		proper noun
ellul	deny		proper noun
elohim	deny		proper noun
elsass	deny		proper noun
elul	deny		proper noun
elvet	deny		proper noun
elymus	deny		proper noun
elysia	deny		proper noun
emerson	deny		proper noun
emile	deny		proper noun
emilia	deny		proper noun
emory	deny		proper noun
enage	deny		proper noun
ende	deny		proper noun
eneid	deny		proper noun
engels	deny		proper noun
engl	deny		proper noun
engle	deny		proper noun
eniac	deny		proper noun
enki	deny		proper noun
enkidu	deny		proper noun
enlil	deny		proper noun
enright	deny		proper noun
eof	deny		proper noun
epa	deny		proper noun
epona	deny		proper noun
epsom	deny		proper noun
equanil	deny		proper noun
erato	deny		proper noun
erebus	deny		proper noun
erick	deny		proper noun
erika	deny		proper noun
erin	deny		proper noun
erinyes	deny		proper noun
eris	deny		proper noun
eritrea	deny		proper noun
erivan	deny		proper noun
ernest	deny		proper noun
esau	deny		proper noun
esc	deny		proper noun
espana	deny		proper noun
espinal	deny		proper noun
espino	deny		proper noun
espinos	deny		proper noun
esr	deny		proper noun
essen	deny		proper noun
esther	deny		proper noun
estonia	deny		proper noun
estrada	deny		proper noun
eton	deny		proper noun
euclid	deny		proper noun
euler	deny		proper noun
eure	deny		proper noun
euripos	deny		proper noun
eutony	deny		proper noun
evans	deny		proper noun
everly	deny		proper noun
evestar	deny		proper noun
ewing	deny		proper noun
ezo	deny		proper noun
ezra	deny		proper noun
facit	deny		proper noun
faeroes	deny		proper noun
fafnir	deny		proper noun
fage	deny		proper noun
fager	deny		proper noun
fagus	deny		proper noun
fahr	deny		proper noun
faits	deny		proper noun
fala	deny		proper noun
falco	deny		proper noun
falla	deny		proper noun
falun	deny		proper noun
fant	deny		proper noun
fantee	deny		proper noun
fao	deny		proper noun
fargo	deny		proper noun
farish	deny		proper noun
farley	deny		proper noun
farrant	deny		proper noun
farren	deny		proper noun
farrens	deny		proper noun
farris	deny		proper noun
faust	deny		proper noun
faver	deny		proper noun
fdic	deny		proper noun
fdr	deny		proper noun
feb	deny		proper noun
fecht	deny		proper noun
fechts	deny		proper noun
fehm	deny		proper noun
fei	deny		proper noun
feil	deny		proper noun
feltman	deny		proper noun
fenter	deny		proper noun
ferio	deny		proper noun
ferison	deny		proper noun
fermat	deny		proper noun
ferren	deny		proper noun
ferrer	deny		proper noun
ferri	deny		proper noun
ferring	deny		proper noun
ferris	deny		proper noun
fesapo	deny		proper noun
fha	deny		proper noun
fica	deny		proper noun
ficos	deny		proper noun
fide	deny		proper noun
fidel	deny		proper noun
fides	deny		proper noun
fiel	deny		proper noun
fier	deny		proper noun
fieri	deny		proper noun
figo	deny		proper noun
fili	deny		proper noun
filla	deny		proper noun
findon	deny		proper noun
finkel	deny		proper noun
firenze	deny		proper noun
fitt	deny		proper noun
fitz	deny		proper noun
fll	deny		proper noun
flo	deny		proper noun
flodden	deny		proper noun
flook	deny		proper noun
flores	deny		proper noun
flowe	deny		proper noun
fnma	deny		proper noun
fogo	deny		proper noun
fontes	deny		proper noun
foret	deny		proper noun
forseti	deny		proper noun
fortier	deny		proper noun
fot	deny		proper noun
foyle	deny		proper noun
fraiser	deny		proper noun
france	deny		proper noun
frances	deny		proper noun
francis	deny		proper noun
frasco	deny		proper noun
frase	deny		proper noun
fraser	deny		proper noun
frasier	deny		proper noun
freetown	deny		proper noun
fresno	deny		proper noun
freud	deny		proper noun
frey	deny		proper noun
freya	deny		proper noun
freyr	deny		proper noun
frg	deny		proper noun
frigg	deny		proper noun
frigga	deny		proper noun
frisch	deny		proper noun
frison	deny		proper noun
froom	deny		proper noun
fsb	deny		proper noun
fuerte	deny		proper noun
fugate	deny		proper noun
fulk	deny		proper noun
fulton	deny		proper noun
furner	deny		proper noun
furr	deny		proper noun
fyle	deny		proper noun
gabler	deny		proper noun
gabon	deny		proper noun
gabun	deny		proper noun
gaea	deny		proper noun
gaia	deny		proper noun
gail	deny		proper noun
gainor	deny		proper noun
gair	deny		proper noun
galan	deny		proper noun
gallia	deny		proper noun
gallina	deny		proper noun
galt	deny		proper noun
gamelin	deny		proper noun
ganesa	deny		proper noun
ganesh	deny		proper noun
ganges	deny		proper noun
ganser	deny		proper noun
gansu	deny		proper noun
gant	deny		proper noun
ganton	deny		proper noun
gara	deny		proper noun
garbe	deny		proper noun
garbes	deny		proper noun
garon	deny		proper noun
garoo	deny		proper noun
garston	deny		proper noun
gath	deny		proper noun
gaths	deny		proper noun
gatt	deny		proper noun
gatten	deny		proper noun
gaulin	deny		proper noun
gaunts	deny		proper noun
gauri	deny		proper noun
gaut	deny		proper noun
gawain	deny		proper noun
gazi	deny		proper noun
geb	deny		proper noun
gebbie	deny		proper noun
gebel	deny		proper noun
gebels	deny		proper noun
geer	deny		proper noun
geiger	deny		proper noun
gell	deny		proper noun
gemara	deny		proper noun
genson	deny		proper noun
gerald	deny		proper noun
gere	deny		proper noun
geres	deny		proper noun
gerkin	deny		proper noun
germain	deny		proper noun
gerusia	deny		proper noun
gervais	deny		proper noun
giansar	deny		proper noun
gibbles	deny		proper noun
giesel	deny		proper noun
gile	deny		proper noun
giles	deny		proper noun
gillet	deny		proper noun
gillot	deny		proper noun
gingras	deny		proper noun
ginn	deny		proper noun
gio	deny		proper noun
gire	deny		proper noun
giri	deny		proper noun
giris	deny		proper noun
gironde	deny		proper noun
gisler	deny		proper noun
gitter	deny		proper noun
giunta	deny		proper noun
giza	deny		proper noun
gladwin	deny		proper noun
glander	deny		proper noun
glauber	deny		proper noun
gleave	deny		proper noun
glenn	deny		proper noun
glick	deny		proper noun
glis	deny		proper noun
gmt	deny		proper noun
goar	deny		proper noun
godden	deny		proper noun
goddens	deny		proper noun
godiva	deny		proper noun
goen	deny		proper noun
goethe	deny		proper noun
goi	deny		proper noun
gol	deny		proper noun
gola	deny		proper noun
goliad	deny		proper noun
golias	deny		proper noun
gollan	deny		proper noun
goold	deny		proper noun
goolds	deny		proper noun
gooley	deny		proper noun
goran	deny		proper noun
gorki	deny		proper noun
gorlois	deny		proper noun
gorman	deny		proper noun
gorst	deny		proper noun
gos	deny		proper noun
gotha	deny		proper noun
gpm	deny		proper noun
gra	deny		proper noun
gracy	deny		proper noun
graeae	deny		proper noun
granet	deny		proper noun
granma	deny		proper noun
gras	deny		proper noun
grasset	deny		proper noun
gratia	deny		proper noun
gratton	deny		proper noun
gregor	deny		proper noun
grein	deny		proper noun
greins	deny		proper noun
grenada	deny		proper noun
grenier	deny		proper noun
greta	deny		proper noun
greve	deny		proper noun
grews	deny		proper noun
grimm	deny		proper noun
grimme	deny		proper noun
grint	deny		proper noun
grizel	deny		proper noun
groff	deny		proper noun
groot	deny		proper noun
grosse	deny		proper noun
grote	deny		proper noun
grover	deny		proper noun
gtc	deny		proper noun
gte	deny		proper noun
guam	deny		proper noun
gui	deny		proper noun
guiana	deny		proper noun
gumi	deny		proper noun
gunja	deny		proper noun
gurr	deny		proper noun
guyer	deny		proper noun
gwyn	deny		proper noun
gympie	deny		proper noun
hable	deny		proper noun
hadden	deny		proper noun
haf	deny		proper noun
hagar	deny		proper noun
hagg	deny		proper noun
haggs	deny		proper noun
hague	deny		proper noun
hailes	deny		proper noun
haire	deny		proper noun
haith	deny		proper noun
haiti	deny		proper noun
hak	deny		proper noun
halper	deny		proper noun
haman	deny		proper noun
hamed	deny		proper noun
hamel	deny		proper noun
handel	deny		proper noun
hankey	deny		proper noun
hanoi	deny		proper noun
hanover	deny		proper noun
hans	deny		proper noun
harare	deny		proper noun
hardie	deny		proper noun
harding	deny		proper noun
harlem	deny		proper noun
harre	deny		proper noun
harriet	deny		proper noun
hartin	deny		proper noun
hasan	deny		proper noun
hatt	deny		proper noun
hau	deny		proper noun
havel	deny		proper noun
haydn	deny		proper noun
hayle	deny		proper noun
hayne	deny		proper noun
hayti	deny		proper noun
hdlc	deny		proper noun
hecate	deny		proper noun
heep	deny		proper noun
hegel	deny		proper noun
hei	deny		proper noun
heid	deny		proper noun
heids	deny		proper noun
heily	deny		proper noun
hel	deny		proper noun
hela	deny		proper noun
helena	deny		proper noun
hemera	deny		proper noun
hendy	deny		proper noun
heo	deny		proper noun
herman	deny		proper noun
herne	deny		proper noun
herod	deny		proper noun
hert	deny		proper noun
hertha	deny		proper noun
hesper	deny		proper noun
hestia	deny		proper noun
heying	deny		proper noun
hhd	deny		proper noun
hia	deny		proper noun
hieron	deny		proper noun
higdon	deny		proper noun
hilary	deny		proper noun
hild	deny		proper noun
hinch	deny		proper noun
hine	deny		proper noun
hingle	deny		proper noun
hings	deny		proper noun
hirst	deny		proper noun
histon	deny		proper noun
hobart	deny		proper noun
hoc	deny		proper noun
hoey	deny		proper noun
hoh	deny		proper noun
hohs	deny		proper noun
hokan	deny		proper noun
hol	deny		proper noun
holeman	deny		proper noun
holi	deny		proper noun
holl	deny		proper noun
holme	deny		proper noun
hom	deny		proper noun
homme	deny		proper noun
hondo	deny		proper noun
hoople	deny		proper noun
horace	deny		proper noun
horus	deny		proper noun
hosea	deny		proper noun
hotei	deny		proper noun
hoth	deny		proper noun
hoti	deny		proper noun
hottle	deny		proper noun
hough	deny		proper noun
houston	deny		proper noun
hsian	deny		proper noun
html	deny		proper noun
http	deny		proper noun
hugh	deny		proper noun
huhs	deny		proper noun
huies	deny		proper noun
huma	deny		proper noun
huse	deny		proper noun
hust	deny		proper noun
hyde	deny		proper noun
hynd	deny		proper noun
hynde	deny		proper noun
hyne	deny		proper noun
iaea	deny		proper noun
iago	deny		proper noun
iapetus	deny		proper noun
iba	deny		proper noun
iberia	deny		proper noun
ibrd	deny		proper noun
ibsen	deny		proper noun
icao	deny		proper noun
icarus	deny		proper noun
ido	deny		proper noun
ieee	deny		proper noun
ifc	deny		proper noun
ife	deny		proper noun
igraine	deny		proper noun
ihs	deny		proper noun
ile	deny		proper noun
ilo	deny		proper noun
imber	deny		proper noun
imf	deny		proper noun
inchon	deny		proper noun
inde	deny		proper noun
india	deny		proper noun
indra	deny		proper noun
indus	deny		proper noun
inger	deny		proper noun
ingerman	deny		proper noun
ingram	deny		proper noun
ingrum	deny		proper noun
inkster	deny		proper noun
iof	deny		proper noun
ionia	deny		proper noun
ipl	deny		proper noun
ipso	deny		proper noun
ira	deny		proper noun
irak	deny		proper noun
iran	deny		proper noun
iraq	deny		proper noun
ireland	deny		proper noun
irtysh	deny		proper noun
isaac	deny		proper noun
ise	deny		proper noun
iseult	deny		proper noun
ishtar	deny		proper noun
iskcon	deny		proper noun
islam	deny		proper noun
isolde	deny		proper noun
israel	deny		proper noun
issus	deny		proper noun
italy	deny		proper noun
iva	deny		proper noun
ive	deny		proper noun
ivry	deny		proper noun
ixion	deny		proper noun
iyar	deny		proper noun
jaap	deny		proper noun
jackie	deny		proper noun
jah	deny		proper noun
jai	deny		proper noun
jak	deny		proper noun
james	deny		proper noun
jan	deny		proper noun
janet	deny		proper noun
janus	deny		proper noun
jardon	deny		proper noun
jason	deny		proper noun
jcl	deny		proper noun
jed	deny		proper noun
jen	deny		proper noun
jena	deny		proper noun
jeune	deny		proper noun
jina	deny		proper noun
jinny	deny		proper noun
jms	deny		proper noun
joel	deny		proper noun
joie	deny		proper noun
jose	deny		proper noun
josey	deny		proper noun
josie	deny		proper noun
josue	deny		proper noun
joyce	deny		proper noun
jude	deny		proper noun
judice	deny		proper noun
juglar	deny		proper noun
julies	deny		proper noun
july	deny		proper noun
jung	deny		proper noun
juno	deny		proper noun
kabel	deny		proper noun
kabul	deny		proper noun
kacha	deny		proper noun
kaid	deny		proper noun
kala	deny		proper noun
kalema	deny		proper noun
kansa	deny		proper noun
kansas	deny		proper noun
kansu	deny		proper noun
kant	deny		proper noun
kapur	deny		proper noun
karch	deny		proper noun
kark	deny		proper noun
karks	deny		proper noun
karok	deny		proper noun
kaser	deny		proper noun
kashi	deny		proper noun
katar	deny		proper noun
kath	deny		proper noun
kathy	deny		proper noun
keats	deny		proper noun
keena	deny		proper noun
keltic	deny		proper noun
kelty	deny		proper noun
kenema	deny		proper noun
kenya	deny		proper noun
kera	deny		proper noun
kerch	deny		proper noun
kerl	deny		proper noun
kerrie	deny		proper noun
kesse	deny		proper noun
keuper	deny		proper noun
keynes	deny		proper noun
khar	deny		proper noun
kidd	deny		proper noun
kiel	deny		proper noun
kight	deny		proper noun
kil	deny		proper noun
kiley	deny		proper noun
kim	deny		proper noun
kinch	deny		proper noun
kipling	deny		proper noun
kipp	deny		proper noun
kipps	deny		proper noun
kirman	deny		proper noun
kishar	deny		proper noun
kissel	deny		proper noun
kkk	deny		proper noun
klan	deny		proper noun
kln	deny		proper noun
kluck	deny		proper noun
klunk	deny		proper noun
knuth	deny		proper noun
kohen	deny		proper noun
koil	deny		proper noun
kolami	deny		proper noun
koller	deny		proper noun
kopec	deny		proper noun
korea	deny		proper noun
kota	deny		proper noun
kow	deny		proper noun
kral	deny		proper noun
krans	deny		proper noun
krebs	deny		proper noun
krems	deny		proper noun
krishna	deny		proper noun
krs	deny		proper noun
kuan	deny		proper noun
kui	deny		proper noun
kulm	deny		proper noun
kung	deny		proper noun
kura	deny		proper noun
kwa	deny		proper noun
kwai	deny		proper noun
kyd	deny		proper noun
kyne	deny		proper noun
laa	deny		proper noun
laang	deny		proper noun
lacerta	deny		proper noun
ladner	deny		proper noun
laen	deny		proper noun
laertes	deny		proper noun
lagos	deny		proper noun
lahnda	deny		proper noun
lahore	deny		proper noun
laius	deny		proper noun
lakey	deny		proper noun
lambes	deny		proper noun
lamda	deny		proper noun
lamm	deny		proper noun
lampings	deny		proper noun
lanas	deny		proper noun
laney	deny		proper noun
langel	deny		proper noun
langside	deny		proper noun
lanius	deny		proper noun
lansing	deny		proper noun
lanum	deny		proper noun
laozi	deny		proper noun
larrea	deny		proper noun
lasa	deny		proper noun
lassa	deny		proper noun
lata	deny		proper noun
lateran	deny		proper noun
latium	deny		proper noun
laton	deny		proper noun
latona	deny		proper noun
latvia	deny		proper noun
laude	deny		proper noun
laudes	deny		proper noun
laur	deny		proper noun
laury	deny		proper noun
lawter	deny		proper noun
layne	deny		proper noun
lazio	deny		proper noun
lazo	deny		proper noun
leamer	deny		proper noun
leander	deny		proper noun
leasure	deny		proper noun
leath	deny		proper noun
lebanon	deny		proper noun
leck	deny		proper noun
leda	deny		proper noun
leep	deny		proper noun
legge	deny		proper noun
leiden	deny		proper noun
lemnos	deny		proper noun
lena	deny		proper noun
lenard	deny		proper noun
lenin	deny		proper noun
lenti	deny		proper noun
leon	deny		proper noun
leonard	deny		proper noun
lepanto	deny		proper noun
lepre	deny		proper noun
lepus	deny		proper noun
ler	deny		proper noun
les	deny		proper noun
lesotho	deny		proper noun
lester	deny		proper noun
lesvos	deny		proper noun
leto	deny		proper noun
leuk	deny		proper noun
leven	deny		proper noun
levi	deny		proper noun
leyden	deny		proper noun
leyte	deny		proper noun
lhasa	deny		proper noun
lhb	deny		proper noun
lhotse	deny		proper noun
libera	deny		proper noun
libya	deny		proper noun
licca	deny		proper noun
lidia	deny		proper noun
liebig	deny		proper noun
ligas	deny		proper noun
lile	deny		proper noun
liles	deny		proper noun
lim	deny		proper noun
limnos	deny		proper noun
lina	deny		proper noun
linda	deny		proper noun
linder	deny		proper noun
lindo	deny		proper noun
lingala	deny		proper noun
lingism	deny		proper noun
lingle	deny		proper noun
linney	deny		proper noun
linny	deny		proper noun
linon	deny		proper noun
lir	deny		proper noun
lisboa	deny		proper noun
lisette	deny		proper noun
lisk	deny		proper noun
lisks	deny		proper noun
liszt	deny		proper noun
litz	deny		proper noun
livonia	deny		proper noun
loange	deny		proper noun
lobata	deny		proper noun
lochaber	deny		proper noun
locke	deny		proper noun
lod	deny		proper noun
lodz	deny		proper noun
loe	deny		proper noun
lohan	deny		proper noun
loire	deny		proper noun
loki	deny		proper noun
lomita	deny		proper noun
lond	deny		proper noun
london	deny		proper noun
loor	deny		proper noun
loren	deny		proper noun
lori	deny		proper noun
loshes	deny		proper noun
losser	deny		proper noun
lotter	deny		proper noun
lotters	deny		proper noun
louey	deny		proper noun
louise	deny		proper noun
louk	deny		proper noun
lound	deny		proper noun
lowy	deny		proper noun
loyang	deny		proper noun
lsc	deny		proper noun
luba	deny		proper noun
lucan	deny		proper noun
lucania	deny		proper noun
lucia	deny		proper noun
lucian	deny		proper noun
lucina	deny		proper noun
lucite	deny		proper noun
ludden	deny		proper noun
ludian	deny		proper noun
lummes	deny		proper noun
lund	deny		proper noun
lunda	deny		proper noun
lunn	deny		proper noun
lurg	deny		proper noun
lut	deny		proper noun
luther	deny		proper noun
luvian	deny		proper noun
lvov	deny		proper noun
lych	deny		proper noun
lyn	deny		proper noun
lyne	deny		proper noun
lynn	deny		proper noun
lyon	deny		proper noun
lysol	deny		proper noun
macao	deny		proper noun
macedon	deny		proper noun
mackins	deny		proper noun
madia	deny		proper noun
madrid	deny		proper noun
madril	deny		proper noun
mafa	deny		proper noun
magism	deny		proper noun
mahdi	deny		proper noun
maia	deny		proper noun
maille	deny		proper noun
maine	deny		proper noun
maire	deny		proper noun
maison	deny		proper noun
mak	deny		proper noun
makin	deny		proper noun
makran	deny		proper noun
malabo	deny		proper noun
malati	deny		proper noun
maldon	deny		proper noun
malmo	deny		proper noun
manak	deny		proper noun
manda	deny		proper noun
mande	deny		proper noun
maney	deny		proper noun
mangoro	deny		proper noun
manser	deny		proper noun
manso	deny		proper noun
manter	deny		proper noun
manto	deny		proper noun
manuses	deny		proper noun
marche	deny		proper noun
mardi	deny		proper noun
marduk	deny		proper noun
marie	deny		proper noun
maries	deny		proper noun
maris	deny		proper noun
marita	deny		proper noun
marons	deny		proper noun
maros	deny		proper noun
marree	deny		proper noun
martes	deny		proper noun
marx	deny		proper noun
mary	deny		proper noun
maseru	deny		proper noun
masha	deny		proper noun
masoner	deny		proper noun
masora	deny		proper noun
mather	deny		proper noun
matsue	deny		proper noun
mattie	deny		proper noun
maui	deny		proper noun
mawr	deny		proper noun
maximus	deny		proper noun
maytide	deny		proper noun
mba	deny		proper noun
mcg	deny		proper noun
mci	deny		proper noun
mdiv	deny		proper noun
mea	deny		proper noun
mear	deny		proper noun
meath	deny		proper noun
mecum	deny		proper noun
mecums	deny		proper noun
medea	deny		proper noun
meece	deny		proper noun
meeth	deny		proper noun
mein	deny		proper noun
meins	deny		proper noun
melano	deny		proper noun
melenas	deny		proper noun
melia	deny		proper noun
memnon	deny		proper noun
mendel	deny		proper noun
mendy	deny		proper noun
meng	deny		proper noun
mens	deny		proper noun
mensk	deny		proper noun
menzie	deny		proper noun
merida	deny		proper noun
merton	deny		proper noun
merv	deny		proper noun
messias	deny		proper noun
messina	deny		proper noun
mest	deny		proper noun
mester	deny		proper noun
meuse	deny		proper noun
mezo	deny		proper noun
mfa	deny		proper noun
mhg	deny		proper noun
mian	deny		proper noun
micah	deny		proper noun
michael	deny		proper noun
mideast	deny		proper noun
mila	deny		proper noun
milan	deny		proper noun
milano	deny		proper noun
milice	deny		proper noun
militar	deny		proper noun
milly	deny		proper noun
milner	deny		proper noun
mima	deny		proper noun
minbu	deny		proper noun
minden	deny		proper noun
miniard	deny		proper noun
minier	deny		proper noun
minot	deny		proper noun
minsk	deny		proper noun
miqra	deny		proper noun
miriam	deny		proper noun
misiones	deny		proper noun
miskin	deny		proper noun
mit	deny		proper noun
miz	deny		proper noun
mize	deny		proper noun
mobil	deny		proper noun
moca	deny		proper noun
moch	deny		proper noun
mochs	deny		proper noun
modred	deny		proper noun
modula	deny		proper noun
moed	deny		proper noun
mohr	deny		proper noun
moir	deny		proper noun
moirae	deny		proper noun
moise	deny		proper noun
moison	deny		proper noun
molech	deny		proper noun
molise	deny		proper noun
molla	deny		proper noun
momot	deny		proper noun
monaco	deny		proper noun
moneses	deny		proper noun
monica	deny		proper noun
monier	deny		proper noun
monroe	deny		proper noun
monties	deny		proper noun
monty	deny		proper noun
moodies	deny		proper noun
moore	deny		proper noun
morfrey	deny		proper noun
morga	deny		proper noun
morong	deny		proper noun
morras	deny		proper noun
morta	deny		proper noun
mosel	deny		proper noun
mostra	deny		proper noun
mota	deny		proper noun
moten	deny		proper noun
moule	deny		proper noun
moy	deny		proper noun
moyle	deny		proper noun
moz	deny		proper noun
mpb	deny		proper noun
msh	deny		proper noun
mudd	deny		proper noun
mukden	deny		proper noun
mulder	deny		proper noun
munich	deny		proper noun
murray	deny		proper noun
murrin	deny		proper noun
musa	deny		proper noun
muth	deny		proper noun
mwera	deny		proper noun
mya	deny		proper noun
myrt	deny		proper noun
naa	deny		proper noun
nablus	deny		proper noun
nabu	deny		proper noun
nace	deny		proper noun
nadder	deny		proper noun
naf	deny		proper noun
nagel	deny		proper noun
nagi	deny		proper noun
nahum	deny		proper noun
naish	deny		proper noun
nala	deny		proper noun
nale	deny		proper noun
nammu	deny		proper noun
nane	deny		proper noun
nantua	deny		proper noun
naomi	deny		proper noun
napier	deny		proper noun
naples	deny		proper noun
nar	deny		proper noun
nardo	deny		proper noun
naseby	deny		proper noun
nasser	deny		proper noun
nast	deny		proper noun
nathe	deny		proper noun
nauru	deny		proper noun
navis	deny		proper noun
nci	deny		proper noun
nea	deny		proper noun
neckar	deny		proper noun
neese	deny		proper noun
negev	deny		proper noun
nehru	deny		proper noun
nei	deny		proper noun
neo	deny		proper noun
neosho	deny		proper noun
nepa	deny		proper noun
nepal	deny		proper noun
nereus	deny		proper noun
nergal	deny		proper noun
nerthus	deny		proper noun
nessie	deny		proper noun
nessus	deny		proper noun
neth	deny		proper noun
nevada	deny		proper noun
nevel	deny		proper noun
nevis	deny		proper noun
newari	deny		proper noun
newark	deny		proper noun
ngai	deny		proper noun
niagra	deny		proper noun
niamey	deny		proper noun
nicolo	deny		proper noun
nie	deny		proper noun
nied	deny		proper noun
nielsen	deny		proper noun
nigeria	deny		proper noun
nihon	deny		proper noun
nikon	deny		proper noun
nile	deny		proper noun
nippon	deny		proper noun
nisan	deny		proper noun
nisse	deny		proper noun
nist	deny		proper noun
noah	deny		proper noun
noemi	deny		proper noun
nold	deny		proper noun
nore	deny		proper noun
norge	deny		proper noun
norway	deny		proper noun
norwest	deny		proper noun
notus	deny		proper noun
novial	deny		proper noun
novo	deny		proper noun
noyes	deny		proper noun
nur	deny		proper noun
nys	deny		proper noun
oahu	deny		proper noun
oas	deny		proper noun
oban	deny		proper noun
oberon	deny		proper noun
obo	deny		proper noun
occam	deny		proper noun
ochs	deny		proper noun
octavian	deny		proper noun
odell	deny		proper noun
oder	deny		proper noun
odessa	deny		proper noun
odin	deny		proper noun
ogpu	deny		proper noun
ohio	deny		proper noun
oisin	deny		proper noun
oki	deny		proper noun
ola	deny		proper noun
olders	deny		proper noun
oldland	deny		proper noun
oleary	deny		proper noun
olena	deny		proper noun
olivia	deny		proper noun
ollari	deny		proper noun
oman	deny		proper noun
omb	deny		proper noun
omsk	deny		proper noun
ona	deny		proper noun
onca	deny		proper noun
ont	deny		proper noun
ontario	deny		proper noun
opec	deny		proper noun
ophir	deny		proper noun
oporto	deny		proper noun
oran	deny		proper noun
orcus	deny		proper noun
ordu	deny		proper noun
oregon	deny		proper noun
orestes	deny		proper noun
orion	deny		proper noun
orissa	deny		proper noun
orly	deny		proper noun
ornes	deny		proper noun
orpheus	deny		proper noun
orphism	deny		proper noun
ortman	deny		proper noun
orwell	deny		proper noun
osiris	deny		proper noun
oslo	deny		proper noun
osmin	deny		proper noun
osmond	deny		proper noun
otc	deny		proper noun
otis	deny		proper noun
oup	deny		proper noun
ovid	deny		proper noun
pablo	deny		proper noun
padua	deny		proper noun
paine	deny		proper noun
palermo	deny		proper noun
palma	deny		proper noun
pana	deny		proper noun
panfil	deny		proper noun
pangea	deny		proper noun
paquet	deny		proper noun
parado	deny		proper noun
parana	deny		proper noun
parcae	deny		proper noun
parel	deny		proper noun
parentis	deny		proper noun
parodi	deny		proper noun
passero	deny		proper noun
pasteur	deny		proper noun
patao	deny		proper noun
patrice	deny		proper noun
paulie	deny		proper noun
pavia	deny		proper noun
pavo	deny		proper noun
paye	deny		proper noun
payen	deny		proper noun
pcp	deny		proper noun
pearce	deny		proper noun
pecos	deny		proper noun
peirce	deny		proper noun
peking	deny		proper noun
peleng	deny		proper noun
peleus	deny		proper noun
peller	deny		proper noun
pelops	deny		proper noun
pendle	deny		proper noun
pense	deny		proper noun
penta	deny		proper noun
perai	deny		proper noun
perce	deny		proper noun
perche	deny		proper noun
pereira	deny		proper noun
perkins	deny		proper noun
permic	deny		proper noun
perones	deny		proper noun
persea	deny		proper noun
perseus	deny		proper noun
persia	deny		proper noun
persis	deny		proper noun
perth	deny		proper noun
peru	deny		proper noun
pesach	deny		proper noun
pesah	deny		proper noun
peshito	deny		proper noun
peta	deny		proper noun
pete	deny		proper noun
petersen	deny		proper noun
peto	deny		proper noun
petos	deny		proper noun
petri	deny		proper noun
petrie	deny		proper noun
peyton	deny		proper noun
phang	deny		proper noun
phu	deny		proper noun
piaget	deny		proper noun
picasso	deny		proper noun
pich	deny		proper noun
pico	deny		proper noun
pidgeon	deny		proper noun
pierre	deny		proper noun
pikul	deny		proper noun
pillas	deny		proper noun
pinard	deny		proper noun
pindar	deny		proper noun
pino	deny		proper noun
pinson	deny		proper noun
pinsons	deny		proper noun
piqua	deny		proper noun
pisa	deny		proper noun
pismo	deny		proper noun
plass	deny		proper noun
plassey	deny		proper noun
platea	deny		proper noun
plato	deny		proper noun
platte	deny		proper noun
pleven	deny		proper noun
plf	deny		proper noun
pli	deny		proper noun
poche	deny		proper noun
pollet	deny		proper noun
pontus	deny		proper noun
ponty	deny		proper noun
pook	deny		proper noun
poonah	deny		proper noun
popal	deny		proper noun
portas	deny		proper noun
porte	deny		proper noun
portier	deny		proper noun
poseidon	deny		proper noun
postel	deny		proper noun
poti	deny		proper noun
ppa	deny		proper noun
ppl	deny		proper noun
prado	deny		proper noun
prague	deny		proper noun
praha	deny		proper noun
praia	deny		proper noun
prevost	deny		proper noun
priam	deny		proper noun
prine	deny		proper noun
procne	deny		proper noun
proust	deny		proper noun
prussia	deny		proper noun
prut	deny		proper noun
pst	deny		proper noun
ptah	deny		proper noun
ptp	deny		proper noun
puerto	deny		proper noun
puget	deny		proper noun
puglia	deny		proper noun
purdon	deny		proper noun
purim	deny		proper noun
pusan	deny		proper noun
pyne	deny		proper noun
qatar	deny		proper noun
qiana	deny		proper noun
quam	deny		proper noun
quan	deny		proper noun
quiapo	deny		proper noun
quinto	deny		proper noun
quito	deny		proper noun
qum	deny		proper noun
quran	deny		proper noun
raasch	deny		proper noun
rab	deny		proper noun
racine	deny		proper noun
raf	deny		proper noun
raglin	deny		proper noun
rahu	deny		proper noun
raine	deny		proper noun
raku	deny		proper noun
rama	deny		proper noun
ramages	deny		proper noun
ramin	deny		proper noun
ramis	deny		proper noun
ramon	deny		proper noun
ramona	deny		proper noun
rana	deny		proper noun
ranas	deny		proper noun
randle	deny		proper noun
randon	deny		proper noun
randons	deny		proper noun
rane	deny		proper noun
rantism	deny		proper noun
raob	deny		proper noun
rappe	deny		proper noun
rason	deny		proper noun
rayle	deny		proper noun
rayne	deny		proper noun
rea	deny		proper noun
reagan	deny		proper noun
recife	deny		proper noun
redonda	deny		proper noun
reisner	deny		proper noun
reister	deny		proper noun
remus	deny		proper noun
rendu	deny		proper noun
renk	deny		proper noun
renn	deny		proper noun
renne	deny		proper noun
rennes	deny		proper noun
reno	deny		proper noun
renwick	deny		proper noun
reny	deny		proper noun
revoir	deny		proper noun
rha	deny		proper noun
rhaetic	deny		proper noun
rheda	deny		proper noun
rhodes	deny		proper noun
rhody	deny		proper noun
ribble	deny		proper noun
ribe	deny		proper noun
riche	deny		proper noun
riden	deny		proper noun
rie	deny		proper noun
ries	deny		proper noun
riga	deny		proper noun
rigel	deny		proper noun
rimas	deny		proper noun
rincon	deny		proper noun
ripa	deny		proper noun
ripp	deny		proper noun
rippon	deny		proper noun
ripps	deny		proper noun
risser	deny		proper noun
rist	deny		proper noun
rita	deny		proper noun
ritalin	deny		proper noun
rivas	deny		proper noun
rix	deny		proper noun
riyadh	deny		proper noun
riza	deny		proper noun
robert	deny		proper noun
roberts	deny		proper noun
robur	deny		proper noun
roch	deny		proper noun
rodd	deny		proper noun
rodden	deny		proper noun
roemer	deny		proper noun
rogan	deny		proper noun
roi	deny		proper noun
rok	deny		proper noun
roka	deny		proper noun
roland	deny		proper noun
rollman	deny		proper noun
romania	deny		proper noun
romansh	deny		proper noun
romany	deny		proper noun
rome	deny		proper noun
romic	deny		proper noun
rommel	deny		proper noun
ronald	deny		proper noun
rone	deny		proper noun
rones	deny		proper noun
rong	deny		proper noun
ronne	deny		proper noun
ropp	deny		proper noun
rorie	deny		proper noun
ros	deny		proper noun
rosa	deny		proper noun
rosal	deny		proper noun
rosales	deny		proper noun
roseau	deny		proper noun
rosel	deny		proper noun
roser	deny		proper noun
rosser	deny		proper noun
rostov	deny		proper noun
rotc	deny		proper noun
roud	deny		proper noun
rous	deny		proper noun
ruanda	deny		proper noun
rubens	deny		proper noun
rubin	deny		proper noun
ruc	deny		proper noun
rudra	deny		proper noun
rufus	deny		proper noun
ruhr	deny		proper noun
rund	deny		proper noun
runds	deny		proper noun
russia	deny		proper noun
ruta	deny		proper noun
rwanda	deny		proper noun
ryal	deny		proper noun
sabah	deny		proper noun
sabina	deny		proper noun
sadleir	deny		proper noun
sado	deny		proper noun
sadr	deny		proper noun
safar	deny		proper noun
saft	deny		proper noun
saguing	deny		proper noun
saigon	deny		proper noun
saine	deny		proper noun
saipan	deny		proper noun
sairy	deny		proper noun
sakti	deny		proper noun
salame	deny		proper noun
salay	deny		proper noun
salem	deny		proper noun
salerno	deny		proper noun
salma	deny		proper noun
salmo	deny		proper noun
salome	deny		proper noun
salomon	deny		proper noun
salop	deny		proper noun
salta	deny		proper noun
saltman	deny		proper noun
salud	deny		proper noun
saluda	deny		proper noun
sama	deny		proper noun
samaan	deny		proper noun
sambel	deny		proper noun
samh	deny		proper noun
samiri	deny		proper noun
samson	deny		proper noun
samuel	deny		proper noun
sana	deny		proper noun
sanaa	deny		proper noun
sanai	deny		proper noun
sancho	deny		proper noun
sandra	deny		proper noun
sangay	deny		proper noun
sangil	deny		proper noun
sangs	deny		proper noun
sant	deny		proper noun
sants	deny		proper noun
santy	deny		proper noun
sapir	deny		proper noun
sapo	deny		proper noun
sapporo	deny		proper noun
sar	deny		proper noun
sarah	deny		proper noun
saratov	deny		proper noun
sarif	deny		proper noun
sarna	deny		proper noun
sarra	deny		proper noun
sartain	deny		proper noun
sarum	deny		proper noun
sasan	deny		proper noun
sata	deny		proper noun
sattar	deny		proper noun
saulter	deny		proper noun
sauter	deny		proper noun
sauve	deny		proper noun
savile	deny		proper noun
savitar	deny		proper noun
sawan	deny		proper noun
sawny	deny		proper noun
sayed	deny		proper noun
scaff	deny		proper noun
scaffs	deny		proper noun
scaife	deny		proper noun
scalf	deny		proper noun
scand	deny		proper noun
scapa	deny		proper noun
scarfe	deny		proper noun
scarpa	deny		proper noun
scarrow	deny		proper noun
scet	deny		proper noun
scharf	deny		proper noun
scheat	deny		proper noun
schenk	deny		proper noun
schick	deny		proper noun
schone	deny		proper noun
schoon	deny		proper noun
schubert	deny		proper noun
schute	deny		proper noun
sciara	deny		proper noun
scipio	deny		proper noun
sclater	deny		proper noun
scote	deny		proper noun
scotty	deny		proper noun
scsi	deny		proper noun
sct	deny		proper noun
scylla	deny		proper noun
sdlc	deny		proper noun
sean	deny		proper noun
seary	deny		proper noun
sease	deny		proper noun
seattle	deny		proper noun
sebago	deny		proper noun
sebat	deny		proper noun
seeland	deny		proper noun
sefton	deny		proper noun
segar	deny		proper noun
segou	deny		proper noun
seil	deny		proper noun
sejour	deny		proper noun
selden	deny		proper noun
selene	deny		proper noun
sena	deny		proper noun
senegal	deny		proper noun
sennett	deny		proper noun
seoul	deny		proper noun
serafin	deny		proper noun
seraing	deny		proper noun
serapis	deny		proper noun
serax	deny		proper noun
serbia	deny		proper noun
serena	deny		proper noun
sereno	deny		proper noun
sergipe	deny		proper noun
serr	deny		proper noun
serrai	deny		proper noun
serres	deny		proper noun
serrs	deny		proper noun
sessa	deny		proper noun
seth	deny		proper noun
sevier	deny		proper noun
seville	deny		proper noun
sgml	deny		proper noun
shamir	deny		proper noun
shands	deny		proper noun
shap	deny		proper noun
shaya	deny		proper noun
sheard	deny		proper noun
shebat	deny		proper noun
shem	deny		proper noun
shema	deny		proper noun
sher	deny		proper noun
shere	deny		proper noun
sheriat	deny		proper noun
shevat	deny		proper noun
shevel	deny		proper noun
shewa	deny		proper noun
shi	deny		proper noun
shia	deny		proper noun
shick	deny		proper noun
shih	deny		proper noun
shina	deny		proper noun
shingon	deny		proper noun
shirl	deny		proper noun
shoeman	deny		proper noun
sht	deny		proper noun
shua	deny		proper noun
shuff	deny		proper noun
shule	deny		proper noun
shuler	deny		proper noun
shure	deny		proper noun
shwebo	deny		proper noun
sichuan	deny		proper noun
sidney	deny		proper noun
siena	deny		proper noun
sigurd	deny		proper noun
sikar	deny		proper noun
sikhism	deny		proper noun
sila	deny		proper noun
silas	deny		proper noun
siler	deny		proper noun
silers	deny		proper noun
siloam	deny		proper noun
silvia	deny		proper noun
simba	deny		proper noun
sime	deny		proper noun
simeon	deny		proper noun
simson	deny		proper noun
simula	deny		proper noun
sina	deny		proper noun
sinai	deny		proper noun
sinatra	deny		proper noun
sind	deny		proper noun
singan	deny		proper noun
singh	deny		proper noun
sining	deny		proper noun
sion	deny		proper noun
siri	deny		proper noun
siros	deny		proper noun
sison	deny		proper noun
sita	deny		proper noun
sivan	deny		proper noun
siwan	deny		proper noun
skaff	deny		proper noun
skagit	deny		proper noun
skanda	deny		proper noun
skeat	deny		proper noun
skuse	deny		proper noun
sla	deny		proper noun
slavin	deny		proper noun
sle	deny		proper noun
slee	deny		proper noun
sloan	deny		proper noun
slone	deny		proper noun
slutter	deny		proper noun
sma	deny		proper noun
smich	deny		proper noun
smiddy	deny		proper noun
sml	deny		proper noun
smyrna	deny		proper noun
smyth	deny		proper noun
snaith	deny		proper noun
snapps	deny		proper noun
sneath	deny		proper noun
snobol	deny		proper noun
soce	deny		proper noun
soco	deny		proper noun
socrates	deny		proper noun
sofia	deny		proper noun
sok	deny		proper noun
solas	deny		proper noun
solent	deny		proper noun
soller	deny		proper noun
somme	deny		proper noun
somnus	deny		proper noun
sonne	deny		proper noun
sonora	deny		proper noun
sookie	deny		proper noun
soole	deny		proper noun
sooter	deny		proper noun
sopher	deny		proper noun
sophia	deny		proper noun
sorbo	deny		proper noun
sorbos	deny		proper noun
sorell	deny		proper noun
sothis	deny		proper noun
sousa	deny		proper noun
soutar	deny		proper noun
sowder	deny		proper noun
soweto	deny		proper noun
sowle	deny		proper noun
sowter	deny		proper noun
spaid	deny		proper noun
spain	deny		proper noun
spak	deny		proper noun
sparke	deny		proper noun
sparta	deny		proper noun
spaw	deny		proper noun
spayd	deny		proper noun
spayds	deny		proper noun
spece	deny		proper noun
spector	deny		proper noun
speece	deny		proper noun
speen	deny		proper noun
spenser	deny		proper noun
spight	deny		proper noun
spinales	deny		proper noun
spl	deny		proper noun
spor	deny		proper noun
sproat	deny		proper noun
squier	deny		proper noun
sruti	deny		proper noun
sse	deny		proper noun
ssed	deny		proper noun
staab	deny		proper noun
stanek	deny		proper noun
staver	deny		proper noun
stavers	deny		proper noun
stayman	deny		proper noun
steadman	deny		proper noun
stear	deny		proper noun
stech	deny		proper noun
steele	deny		proper noun
steil	deny		proper noun
steils	deny		proper noun
stenton	deny		proper noun
sterk	deny		proper noun
sterope	deny		proper noun
stert	deny		proper noun
steyer	deny		proper noun
stheno	deny		proper noun
stickel	deny		proper noun
stileman	deny		proper noun
stopa	deny		proper noun
stott	deny		proper noun
strack	deny		proper noun
strate	deny		proper noun
strawn	deny		proper noun
streck	deny		proper noun
streep	deny		proper noun
streng	deny		proper noun
strey	deny		proper noun
strome	deny		proper noun
stroup	deny		proper noun
stroups	deny		proper noun
stuart	deny		proper noun
stuber	deny		proper noun
suci	deny		proper noun
suez	deny		proper noun
sugamo	deny		proper noun
sugg	deny		proper noun
suk	deny		proper noun
sula	deny		proper noun
sulka	deny		proper noun
sumer	deny		proper noun
sumner	deny		proper noun
surette	deny		proper noun
surinam	deny		proper noun
surma	deny		proper noun
surya	deny		proper noun
sutter	deny		proper noun
suva	deny		proper noun
swa	deny		proper noun
sweden	deny		proper noun
sweens	deny		proper noun
swick	deny		proper noun
syed	deny		proper noun
sylvia	deny		proper noun
synthol	deny		proper noun
syr	deny		proper noun
syria	deny		proper noun
syud	deny		proper noun
tabora	deny		proper noun
tacoma	deny		proper noun
tagus	deny		proper noun
tahiti	deny		proper noun
taira	deny		proper noun
taiwan	deny		proper noun
tal	deny		proper noun
talao	deny		proper noun
talmud	deny		proper noun
talwar	deny		proper noun
tamin	deny		proper noun
tampa	deny		proper noun
tampin	deny		proper noun
tanach	deny		proper noun
tane	deny		proper noun
tanger	deny		proper noun
tangiers	deny		proper noun
tansey	deny		proper noun
taoism	deny		proper noun
tapia	deny		proper noun
tarbet	deny		proper noun
tarman	deny		proper noun
tarr	deny		proper noun
tarras	deny		proper noun
tarvia	deny		proper noun
tash	deny		proper noun
taubes	deny		proper noun
tava	deny		proper noun
tavoy	deny		proper noun
taxin	deny		proper noun
taylor	deny		proper noun
tck	deny		proper noun
tcp	deny		proper noun
tean	deny		proper noun
teather	deny		proper noun
tebet	deny		proper noun
tec	deny		proper noun
teca	deny		proper noun
teck	deny		proper noun
teddie	deny		proper noun
teheran	deny		proper noun
teise	deny		proper noun
teli	deny		proper noun
tellus	deny		proper noun
telopea	deny		proper noun
tempe	deny		proper noun
tenes	deny		proper noun
teng	deny		proper noun
tennes	deny		proper noun
tensaw	deny		proper noun
tereus	deny		proper noun
terman	deny		proper noun
terral	deny		proper noun
terrie	deny		proper noun
terzo	deny		proper noun
tessin	deny		proper noun
tethys	deny		proper noun
tevet	deny		proper noun
tez	deny		proper noun
thala	deny		proper noun
thames	deny		proper noun
thans	deny		proper noun
thar	deny		proper noun
thea	deny		proper noun
thecla	deny		proper noun
theedom	deny		proper noun
theia	deny		proper noun
themis	deny		proper noun
thetis	deny		proper noun
thibet	deny		proper noun
thisbe	deny		proper noun
thoreau	deny		proper noun
thoth	deny		proper noun
thrace	deny		proper noun
thule	deny		proper noun
tiamat	deny		proper noun
tiber	deny		proper noun
ticer	deny		proper noun
tichy	deny		proper noun
ticino	deny		proper noun
tien	deny		proper noun
tiens	deny		proper noun
tientsin	deny		proper noun
tiflis	deny		proper noun
tigris	deny		proper noun
tilden	deny		proper noun
tilley	deny		proper noun
timon	deny		proper noun
timor	deny		proper noun
tinpot	deny		proper noun
tirana	deny		proper noun
tirol	deny		proper noun
tishri	deny		proper noun
tite	deny		proper noun
tiu	deny		proper noun
tiza	deny		proper noun
tlc	deny		proper noun
toarcian	deny		proper noun
tobago	deny		proper noun
tobys	deny		proper noun
toc	deny		proper noun
toher	deny		proper noun
toi	deny		proper noun
tolly	deny		proper noun
tongrian	deny		proper noun
tonkin	deny		proper noun
tonn	deny		proper noun
toomer	deny		proper noun
toop	deny		proper noun
torino	deny		proper noun
torrens	deny		proper noun
tosk	deny		proper noun
touareg	deny		proper noun
tournai	deny		proper noun
tovar	deny		proper noun
towser	deny		proper noun
tozer	deny		proper noun
tpd	deny		proper noun
tpi	deny		proper noun
tpm	deny		proper noun
trac	deny		proper noun
trat	deny		proper noun
trew	deny		proper noun
trf	deny		proper noun
trias	deny		proper noun
trina	deny		proper noun
trisha	deny		proper noun
tristan	deny		proper noun
troad	deny		proper noun
tron	deny		proper noun
trt	deny		proper noun
trueman	deny		proper noun
truman	deny		proper noun
trun	deny		proper noun
truong	deny		proper noun
tshiluba	deny		proper noun
tsi	deny		proper noun
tst	deny		proper noun
tucana	deny		proper noun
tucson	deny		proper noun
tue	deny		proper noun
tugela	deny		proper noun
tuke	deny		proper noun
tula	deny		proper noun
tulare	deny		proper noun
tully	deny		proper noun
tulsa	deny		proper noun
tulu	deny		proper noun
tummel	deny		proper noun
tunga	deny		proper noun
tungate	deny		proper noun
tunis	deny		proper noun
tunna	deny		proper noun
turin	deny		proper noun
turing	deny		proper noun
turney	deny		proper noun
tuy	deny		proper noun
twi	deny		proper noun
tyche	deny		proper noun
tyler	deny		proper noun
tyr	deny		proper noun
tyrol	deny		proper noun
tyt	deny		proper noun
ubc	deny		proper noun
ubi	deny		proper noun
uca	deny		proper noun
uckers	deny		proper noun
udell	deny		proper noun
ufa	deny		proper noun
ufs	deny		proper noun
uganda	deny		proper noun
uigur	deny		proper noun
ula	deny		proper noun
ullr	deny		proper noun
umist	deny		proper noun
una	deny		proper noun
unesco	deny		proper noun
ung	deny		proper noun
ungaro	deny		proper noun
unh	deny		proper noun
unl	deny		proper noun
unp	deny		proper noun
ura	deny		proper noun
urals	deny		proper noun
uran	deny		proper noun
uranus	deny		proper noun
urbian	deny		proper noun
urena	deny		proper noun
urenas	deny		proper noun
uriel	deny		proper noun
usa	deny		proper noun
usar	deny		proper noun
usenet	deny		proper noun
ushas	deny		proper noun
ussr	deny		proper noun
ust	deny		proper noun
usw	deny		proper noun
utc	deny		proper noun
uther	deny		proper noun
utica	deny		proper noun
uvas	deny		proper noun
valens	deny		proper noun
vali	deny		proper noun
valois	deny		proper noun
vanir	deny		proper noun
vardies	deny		proper noun
vardy	deny		proper noun
varuna	deny		proper noun
vasu	deny		proper noun
vatter	deny		proper noun
vatters	deny		proper noun
vayu	deny		proper noun
veadar	deny		proper noun
veale	deny		proper noun
vehm	deny		proper noun
vei	deny		proper noun
veneti	deny		proper noun
venetia	deny		proper noun
veneto	deny		proper noun
venice	deny		proper noun
venite	deny		proper noun
venner	deny		proper noun
vepse	deny		proper noun
verdi	deny		proper noun
vergil	deny		proper noun
vernon	deny		proper noun
verona	deny		proper noun
vestalia	deny		proper noun
vfw	deny		proper noun
vidar	deny		proper noun
vienna	deny		proper noun
vilna	deny		proper noun
vin	deny		proper noun
vinata	deny		proper noun
vinter	deny		proper noun
vishnu	deny		proper noun
vite	deny		proper noun
vitry	deny		proper noun
voce	deny		proper noun
vogt	deny		proper noun
wabash	deny		proper noun
wabeno	deny		proper noun
wace	deny		proper noun
wada	deny		proper noun
wadas	deny		proper noun
wagner	deny		proper noun
waide	deny		proper noun
waite	deny		proper noun
walpole	deny		proper noun
walsh	deny		proper noun
walter	deny		proper noun
warf	deny		proper noun
watson	deny		proper noun
wattis	deny		proper noun
wayne	deny		proper noun
weems	deny		proper noun
wehner	deny		proper noun
weil	deny		proper noun
weils	deny		proper noun
weimar	deny		proper noun
welke	deny		proper noun
welkes	deny		proper noun
wesley	deny		proper noun
wessel	deny		proper noun
westham	deny		proper noun
whatman	deny		proper noun
wied	deny		proper noun
wiking	deny		proper noun
wilk	deny		proper noun
willi	deny		proper noun
wilson	deny		proper noun
windsor	deny		proper noun
wingate	deny		proper noun
winn	deny		proper noun
winster	deny		proper noun
wint	deny		proper noun
wissel	deny		proper noun
wister	deny		proper noun
witten	deny		proper noun
wmo	deny		proper noun
woden	deny		proper noun
wolter	deny		proper noun
womerah	deny		proper noun
woodrow	deny		proper noun
woolf	deny		proper noun
woomer	deny		proper noun
wotan	deny		proper noun
woy	deny		proper noun
wray	deny		proper noun
wro	deny		proper noun
www	deny		proper noun
wyke	deny		proper noun
wyne	deny		proper noun
wyver	deny		proper noun
xeres	deny		proper noun
yafo	deny		proper noun
yahve	deny		proper noun
yahwe	deny		proper noun
yalta	deny		proper noun
yalu	deny		proper noun
yama	deny		proper noun
yampa	deny		proper noun
yangon	deny		proper noun
yas	deny		proper noun
yava	deny		proper noun
yeading	deny		proper noun
yeddo	deny		proper noun
yedo	deny		proper noun
yeo	deny		proper noun
yeso	deny		proper noun
yesso	deny		proper noun
yetter	deny		proper noun
yhwh	deny		proper noun
yisrael	deny		proper noun
ymir	deny		proper noun
yoyo	deny		proper noun
ypres	deny		proper noun
yug	deny		proper noun
ywca	deny		proper noun
zac	deny		proper noun
zealand	deny		proper noun
zeiss	deny		proper noun
zend	deny		proper noun
zeus	deny		proper noun
zieger	deny		proper noun
zila	deny		proper noun
zimmer	deny		proper noun
zira	deny		proper noun
ziz	deny		proper noun
zola	deny		proper noun
#
# Denylist (slurs): the 2020 NASPA Word List purge, the slurs removed from
# the North American Scrabble tournament lexicon in its 2020 revision.
# ENABLE is a Scrabble tournament lexicon and carries slurs deliberately, so
# most of these arrived with it rather than with the SCOWL boundary swap.
#
# Source:     scripts/data-raw/nwl2020-purged.txt (vendored, 259 words)
# Held back:  scripts/data-raw/nwl2020-exclusions.tsv (reviewed, with reasons)
# Generated:  pnpm data:denylist. Do not hand-edit these rows; edit the
#             exclusion list and re-run, so every decision keeps its reason.
#
# Whole words only. Nothing here is matched as a prefix or a substring, so
# niggard, niggardly and denigrate are untouched, and so are nip (formable
# from 28 of the shipped racks), nips, spade and coot. The source list does
# not contain any of them, which is much of why it was chosen over a generic
# profanity list: importing one of those unfiltered would take nip.
#
# A denied word is removed from validation and from every pool before the
# pools are derived, so par, the common set, completion counts and the rarity
# bands all recompute without it. It is then rejected with the ordinary
# not-in-the-word-list response: a distinct message would tell the player the
# block was deliberate, which is its own acknowledgement.
#
abo	deny		nwl2020
abos	deny		nwl2020
blackamoor	deny		nwl2020
blackamoors	deny		nwl2020
boche	deny		nwl2020
boches	deny		nwl2020
bogtrotter	deny		nwl2020
bogtrotters	deny		nwl2020
bohunk	deny		nwl2020
bohunks	deny		nwl2020
bubba	deny		nwl2020
bubbas	deny		nwl2020
buckra	deny		nwl2020
buckras	deny		nwl2020
bulldyke	deny		nwl2020
bulldykes	deny		nwl2020
chola	deny		nwl2020
cholas	deny		nwl2020
cholo	deny		nwl2020
cholos	deny		nwl2020
cocksucker	deny		nwl2020
cocksuckers	deny		nwl2020
cockteaser	deny		nwl2020
cockteasers	deny		nwl2020
coloreds	deny		nwl2020
crip	deny		nwl2020
crips	deny		nwl2020
crumblies	deny		nwl2020
cunt	deny		nwl2020
cunts	deny		nwl2020
dago	deny		nwl2020
dagoes	deny		nwl2020
dagos	deny		nwl2020
darkey	deny		nwl2020
darkeys	deny		nwl2020
darkie	deny		nwl2020
darkies	deny		nwl2020
darky	deny		nwl2020
dickhead	deny		nwl2020
dickheads	deny		nwl2020
dikey	deny		nwl2020
dykey	deny		nwl2020
faggier	deny		nwl2020
faggiest	deny		nwl2020
faggotries	deny		nwl2020
faggotry	deny		nwl2020
faggoty	deny		nwl2020
faggy	deny		nwl2020
gadje	deny		nwl2020
ginzo	deny		nwl2020
ginzoes	deny		nwl2020
girlies	deny		nwl2020
goy	deny		nwl2020
goyim	deny		nwl2020
goyish	deny		nwl2020
goys	deny		nwl2020
greaseball	deny		nwl2020
greaseballs	deny		nwl2020
gringa	deny		nwl2020
gringas	deny		nwl2020
gringo	deny		nwl2020
gringos	deny		nwl2020
haole	deny		nwl2020
haoles	deny		nwl2020
harelipped	deny		nwl2020
hebe	deny		nwl2020
hebes	deny		nwl2020
honkey	deny		nwl2020
honkeys	deny		nwl2020
honkie	deny		nwl2020
honkies	deny		nwl2020
honky	deny		nwl2020
hos	deny		nwl2020
hunkey	deny		nwl2020
hunkeys	deny		nwl2020
hunkie	deny		nwl2020
hunkies	deny		nwl2020
jew	deny		nwl2020
jewed	deny		nwl2020
jewing	deny		nwl2020
jews	deny		nwl2020
jigaboo	deny		nwl2020
jigaboos	deny		nwl2020
kanaka	deny		nwl2020
kanakas	deny		nwl2020
kike	deny		nwl2020
kikes	deny		nwl2020
les	deny		nwl2020
lesbo	deny		nwl2020
lesbos	deny		nwl2020
leses	deny		nwl2020
lez	deny		nwl2020
lezzes	deny		nwl2020
lezzie	deny		nwl2020
lezzies	deny		nwl2020
lezzy	deny		nwl2020
mick	deny		nwl2020
micks	deny		nwl2020
mongolism	deny		nwl2020
mongolisms	deny		nwl2020
mongoloid	deny		nwl2020
mongoloids	deny		nwl2020
mulatto	deny		nwl2020
mulattoes	deny		nwl2020
mulattos	deny		nwl2020
nance	deny		nwl2020
nances	deny		nwl2020
nancies	deny		nwl2020
nancy	deny		nwl2020
negrophil	deny		nwl2020
negrophils	deny		nwl2020
nigger	deny		nwl2020
niggers	deny		nwl2020
nitchie	deny		nwl2020
nitchies	deny		nwl2020
nonpapist	deny		nwl2020
nonpapists	deny		nwl2020
nookie	deny		nwl2020
nookies	deny		nwl2020
nooky	deny		nwl2020
ofay	deny		nwl2020
ofays	deny		nwl2020
papism	deny		nwl2020
papisms	deny		nwl2020
papist	deny		nwl2020
papistic	deny		nwl2020
papistries	deny		nwl2020
papistry	deny		nwl2020
papists	deny		nwl2020
peckerwood	deny		nwl2020
peckerwoods	deny		nwl2020
picaninnies	deny		nwl2020
picaninny	deny		nwl2020
piccaninnies	deny		nwl2020
piccaninny	deny		nwl2020
pickaninnies	deny		nwl2020
pickaninny	deny		nwl2020
polack	deny		nwl2020
pommie	deny		nwl2020
pommies	deny		nwl2020
pommy	deny		nwl2020
poncier	deny		nwl2020
ponciest	deny		nwl2020
poncy	deny		nwl2020
poofier	deny		nwl2020
poofiest	deny		nwl2020
poofs	deny		nwl2020
pooftah	deny		nwl2020
pooftahs	deny		nwl2020
poofter	deny		nwl2020
poofters	deny		nwl2020
poofy	deny		nwl2020
poontang	deny		nwl2020
poontangs	deny		nwl2020
poove	deny		nwl2020
pooves	deny		nwl2020
poperies	deny		nwl2020
popery	deny		nwl2020
popish	deny		nwl2020
popishly	deny		nwl2020
raghead	deny		nwl2020
ragheads	deny		nwl2020
redneck	deny		nwl2020
rednecked	deny		nwl2020
rednecks	deny		nwl2020
retardate	deny		nwl2020
retardates	deny		nwl2020
shaveling	deny		nwl2020
shavelings	deny		nwl2020
sheeney	deny		nwl2020
sheeneys	deny		nwl2020
sheenie	deny		nwl2020
sheenies	deny		nwl2020
shegetz	deny		nwl2020
shicksa	deny		nwl2020
shicksas	deny		nwl2020
shiksa	deny		nwl2020
shiksas	deny		nwl2020
shikse	deny		nwl2020
shikseh	deny		nwl2020
shiksehs	deny		nwl2020
shikses	deny		nwl2020
shkotzim	deny		nwl2020
shvartze	deny		nwl2020
shvartzes	deny		nwl2020
skimo	deny		nwl2020
skimos	deny		nwl2020
sluttishness	deny		nwl2020
sluttishnesses	deny		nwl2020
spaz	deny		nwl2020
spazz	deny		nwl2020
spazzes	deny		nwl2020
spic	deny		nwl2020
spick	deny		nwl2020
spicks	deny		nwl2020
spics	deny		nwl2020
spik	deny		nwl2020
spiks	deny		nwl2020
squaw	deny		nwl2020
squaws	deny		nwl2020
superbitch	deny		nwl2020
superbitches	deny		nwl2020
tommed	deny		nwl2020
tomming	deny		nwl2020
twat	deny		nwl2020
twats	deny		nwl2020
wetback	deny		nwl2020
wetbacks	deny		nwl2020
whiteys	deny		nwl2020
whities	deny		nwl2020
wog	deny		nwl2020
woggish	deny		nwl2020
wogs	deny		nwl2020
wop	deny		nwl2020
wops	deny		nwl2020
wrinklies	deny		nwl2020
yid	deny		nwl2020
yids	deny		nwl2020
